open_time,open,high,low,close,volume,close_time,quote_asset_volume,number_of_trades,taker_buy_base,taker_buy_quote,ignore,market_cap
2020-11-30,18185.0,19888.0,18001.12,19359.4,537012.142931,2020-12-06 23:59:59.999,10256527452.726007,9615978,267861.961556,5119962447.319706,0,386231645640.0
2020-12-07,19358.67,19420.91,17572.33,19174.99,414166.997237,2020-12-13 23:59:59.999,7670610991.462733,7125404,198951.588099,3686743363.8611174,0,382552555494.00006
2020-12-14,19174.99,24295.0,19000.0,23455.52,650661.7243,2020-12-20 23:59:59.999,14274952056.644888,11378635,325698.820718,7137840985.519615,0,467951697312.0
2020-12-21,23455.54,28422.0,21815.0,26281.66,688906.560557,2020-12-27 23:59:59.999,16891515231.04649,12384587,340821.148811,8361819640.037464,0,524334885996.0
2020-12-28,26281.54,34778.11,25880.0,33000.05,625132.263203,2021-01-03 23:59:59.999,18574944969.54836,12512788,311314.23651,9257292755.772127,0,658370797530.0
2021-01-04,33000.05,41950.0,28130.0,38150.02,850700.266152,2021-01-10 23:59:59.999,30894408653.645454,18127566,416647.067571,15120789261.095215,0,761115789011.9999
2021-01-11,38150.02,40100.0,30420.0,35828.61,897339.67445,2021-01-17 23:59:59.999,31840267961.01892,18446663,443257.500893,15735471852.93117,0,714802266666.0
2021-01-18,35824.99,37850.0,28850.0,32259.9,640226.935785,2021-01-24 23:59:59.999,21440700273.040024,14699334,310786.115973,10418110249.142012,0,643604360940.0
2021-01-25,32259.45,38531.9,29241.72,33092.98,747463.508509,2021-01-31 23:59:59.999,24948673733.690006,16555006,371060.163317,12396571060.77586,0,660224806788.0001
2021-02-01,33092.97,40955.51,32296.16,38795.69,583442.331544,2021-02-07 23:59:59.999,21599895189.58116,13815026,291987.980694,10814285526.145716,0,773997292914.0
2021-02-08,38795.69,49707.43,37988.89,48577.79,664186.270909,2021-02-14 23:59:59.999,30558163844.53544,18380270,335475.284061,15434310277.427107,0,969156057174.0
2021-02-15,48580.47,58352.8,45570.79,57408.57,533487.799699,2021-02-21 23:59:59.999,27769064381.543262,15851564,266431.948968,13868919408.71599,0,1145335416642.0
2021-02-22,57412.35,57508.47,43000.0,45135.66,737125.746365,2021-02-28 23:59:59.999,36056079517.941505,17606321,358805.28068,17551047321.2073,0,900483498396.0001
2021-03-01,45134.11,52640.0,44950.53,50971.75,490819.562968,2021-03-07 23:59:59.999,24017266082.750584,13825664,242923.901683,11891428274.15951,0,1016916995550.0
2021-03-08,50959.11,61844.0,49274.67,58968.31,514559.698685,2021-03-14 23:59:59.999,28846698413.561867,16229755,257377.748159,14440581804.396273,0,1176453165486.0
2021-03-15,58976.08,60633.43,53271.34,57351.56,463194.21418,2021-03-21 23:59:59.999,26483848363.71589,14553773,226130.965148,12934458930.897257,0,1144198032936.0
2021-03-22,57351.56,58430.73,50427.56,55777.63,446278.628413,2021-03-28 23:59:59.999,24254500734.20622,13022316,218408.216212,11874290386.328753,0,1112797185078.0
2021-03-29,55777.65,60200.0,54800.01,58202.01,367477.893273,2021-04-04 23:59:59.999,21438740639.100864,11891110,183319.197491,10697064859.421247,0,1161165020706.0
2021-04-05,58202.01,61500.0,55473.0,60002.43,375865.593614,2021-04-11 23:59:59.999,21944712196.726185,13696365,188038.894028,10984335663.811703,0,1197084479958.0
2021-04-12,59998.8,64854.0,50931.3,56150.01,549048.298032,2021-04-18 23:59:59.999,33238307417.430935,17446531,266367.194149,16134213581.46212,0,1120226389506.0
2021-04-19,56150.01,57526.81,46930.0,49066.77,568462.85096,2021-04-25 23:59:59.999,29936891043.815964,14947615,274940.861323,14487266259.924356,0,978911501562.0
2021-04-26,49066.76,58458.07,48753.44,56578.21,395983.456013,2021-05-02 23:59:59.999,21707164512.768623,12719227,195298.619851,10703998531.65657,0,1128769236426.0
2021-05-03,56578.21,59500.0,52900.0,58240.84,504478.926303,2021-05-09 23:59:59.999,28725771451.786324,16275966,248052.470617,14129842033.201153,0,1161939702504.0
2021-05-10,58240.83,59500.0,43825.39,46431.5,684880.148197,2021-05-16 23:59:59.999,35228801446.48219,17778177,327220.272931,16851047061.760132,0,926336283900.0
2021-05-17,46426.83,46686.0,30000.0,34655.25,1386781.052144,2021-05-23 23:59:59.999,53866174537.68215,27170977,666702.163542,25919373172.35901,0,691393030650.0
2021-05-24,34681.44,40841.0,33379.0,35641.27,786531.163941,2021-05-30 23:59:59.999,29203522868.251625,16942102,384497.747331,14283624883.965893,0,711064721261.9999
2021-05-31,35641.26,39476.0,34153.84,35796.31,528299.504937,2021-06-06 23:59:59.999,19486187883.418457,11520844,260787.568217,9623174732.818668,0,714157862286.0
2021-06-07,35796.31,39380.0,31000.0,39020.57,700065.604915,2021-06-13 23:59:59.999,24888579254.611984,13781452,346610.462227,12336051739.569944,0,778483783842.0
2021-06-14,39020.56,41330.0,33336.0,35600.16,610333.962089,2021-06-20 23:59:59.999,23170552929.9574,12585488,295955.590693,11238614009.019213,0,710244552096.0001
2021-06-21,35600.17,35750.0,28805.0,34700.34,907073.707598,2021-06-27 23:59:59.999,29582225083.09103,15069286,445188.23814,14532263176.097523,0,692292603203.9999
2021-06-28,34702.49,36600.0,32699.0,35286.51,464791.763593,2021-07-04 23:59:59.999,16063893736.163572,9503851,227734.572618,7871807130.859945,0,703987046406.0
2021-07-05,35288.13,35293.78,32077.0,34258.99,359766.235404,2021-07-11 23:59:59.999,12142509770.88803,7648112,178798.754323,6033413173.636886,0,683487405894.0
2021-07-12,34259.0,34678.43,31020.0,31778.56,306160.987079,2021-07-18 23:59:59.999,9889122842.331982,7067408,147741.055848,4771519260.898867,0,634001339136.0
2021-07-19,31778.57,35398.0,29278.0,35381.02,383262.217154,2021-07-25 23:59:59.999,12281627047.304798,8161443,190582.264312,6114235359.363288,0,705872577611.9999
2021-07-26,35381.02,42599.0,35205.78,39845.44,568598.509606,2021-08-01 23:59:59.999,22398899801.822147,14294722,284420.137741,11205247089.666573,0,794940435264.0
2021-08-02,39850.27,45310.0,37332.7,43794.37,463107.670711,2021-08-08 23:59:59.999,18969963699.518566,12015266,230451.591454,9445373822.532848,0,873723958122.0
2021-08-09,43794.36,48144.0,42779.0,46973.82,372867.979811,2021-08-15 23:59:59.999,17083554277.88681,12802573,188383.893158,8634469008.93575,0,937155893292.0
2021-08-16,46973.82,49757.04,43927.7,49239.22,357634.462155,2021-08-22 23:59:59.999,16753728276.4288,12498107,180333.299573,8448610167.566947,0,982351982532.0
2021-08-23,49239.22,50500.0,46250.0,48767.83,298905.697042,2021-08-29 23:59:59.999,14485841663.356567,10234705,148185.197294,7184000949.909696,0,972947469198.0
2021-08-30,48767.84,51900.0,46512.0,51756.88,327484.443638,2021-09-05 23:59:59.999,16058724402.757397,9623298,165440.611872,8117693526.79704,0,1032580810128.0
2021-09-06,51756.88,52920.0,42843.05,46025.24,399602.39982,2021-09-12 23:59:59.999,18994715843.656734,12174052,193434.481761,9200501092.964355,0,918231153144.0
2021-09-13,46025.23,48843.2,43370.0,47241.75,289430.44387,2021-09-19 23:59:59.999,13558597825.9357,8186048,141201.01935,6614734237.643137,0,942501257550.0
2021-09-20,47241.75,47347.25,39600.0,43160.9,437174.23273,2021-09-26 23:59:59.999,18788601896.91996,10306745,212146.867313,9120024387.116852,0,861085851540.0
2021-09-27,43160.9,49228.08,40753.88,48200.01,290620.78115,2021-10-03 23:59:59.999,12968253396.578833,8011247,144469.51207,6452909326.517625,0,961619119506.0
2021-10-04,48200.01,56561.31,46891.0,54659.0,424292.258599,2021-10-10 23:59:59.999,22567545317.793793,12811107,211856.684445,11270697948.40903,0,1090479845400.0
2021-10-11,54659.01,62933.0,53879.0,61528.33,362346.263174,2021-10-17 23:59:59.999,21121567502.011086,11568529,183431.750683,10697891224.262558,0,1227527100498.0
2021-10-18,61528.32,67000.0,59510.63,60852.22,336367.00881,2021-10-24 23:59:59.999,21141785986.45504,10979311,167403.56447,10528144211.853245,0,1214038300332.0
2021-10-25,60852.22,63710.63,57820.0,61299.8,314971.8498,2021-10-31 23:59:59.999,19208389552.55153,10574780,154915.87466,9451414390.238705,0,1222967789880.0
2021-11-01,61299.81,64270.0,59405.0,63273.59,253033.72432,2021-11-07 23:59:59.999,15663897405.533567,9556016,126345.60637,7823642239.826968,0,1262346084654.0
2021-11-08,63273.58,69000.0,62278.0,65519.1,294213.112708,2021-11-14 23:59:59.999,19286358161.910706,11207688,145809.022639,9564135489.152817,0,1307145356460.0
2021-11-15,65519.11,66401.82,55600.0,58622.02,340150.61676,2021-11-21 23:59:59.999,20344773160.10561,11100482,163526.9365,9788051753.519651,0,1169544472212.0
2021-11-22,58617.7,59444.0,53256.64,57274.88,315216.31943,2021-11-28 23:59:59.999,17762591467.11147,10734607,155061.63995,8740286935.664598,0,1142668220928.0
2021-11-29,57274.89,59176.99,42000.3,49396.33,390528.912488,2021-12-05 23:59:59.999,20822450911.087795,12286961,185849.53619,9921717578.511951,0,985486421298.0
2021-12-06,49396.32,51936.33,46751.0,50053.9,272083.99753,2021-12-12 23:59:59.999,13393900447.457172,8239356,132585.60064,6527679465.437665,0,998605337340.0
2021-12-13,50053.9,50189.97,45456.0,46681.23,271834.80183,2021-12-19 23:59:59.999,12915658909.98844,8055423,131770.01926,6263559378.81846,0,931318547238.0
2021-12-20,46681.24,51810.0,45558.85,50775.49,209149.42595,2021-12-26 23:59:59.999,10272926890.979765,6960719,104145.18087,5115572930.19298,0,1013001490794.0
2021-12-27,50775.48,52088.0,45678.0,47286.18,217379.6422,2022-01-02 23:59:59.999,10458190881.734585,6863722,106579.78483,5128555640.891941,0,943387662708.0
2022-01-03,47286.18,47570.0,40501.0,41864.62,264331.61587,2022-01-09 23:59:59.999,11564043206.342636,7717954,128417.56962,5617721267.315783,0,835224287772.0
2022-01-10,41864.62,44500.0,39650.0,43071.66,232059.06969,2022-01-16 23:59:59.999,9875457752.625006,6758442,114555.79525,4878281491.665617,0,859305459996.0001
2022-01-17,43071.66,43505.0,34008.0,36244.55,354513.98432,2022-01-23 23:59:59.999,13695568421.726473,9181325,170960.347142,6607067308.59798,0,723100519230.0
2022-01-24,36244.55,38919.98,32917.17,37881.76,353702.626391,2022-01-30 23:59:59.999,12907284440.455256,8716769,179036.244728,6536472796.368902,0,755763841056.0
2022-01-31,37881.75,42656.0,36250.0,42380.87,258946.95322,2022-02-06 23:59:59.999,10064164364.242208,6785864,131038.94536,5096829006.548845,0,845523785022.0
2022-02-07,42380.87,45821.0,41645.85,42053.66,301990.47877,2022-02-13 23:59:59.999,13148234178.649647,8359076,149112.12215,6494915345.303778,0,838995749196.0001
2022-02-14,42053.65,44751.4,38000.0,38386.89,243150.46162,2022-02-20 23:59:59.999,10134957033.789461,6173489,115990.68901,4840833817.67218,0,765841487634.0
2022-02-21,38386.89,40348.45,34322.28,37699.07,412335.93267,2022-02-27 23:59:59.999,15524273633.729553,9817037,205845.16118,7754667841.098922,0,752119065942.0
2022-02-28,37699.08,45400.0,37450.17,38420.81,376417.0783,2022-03-06 23:59:59.999,15676665511.513798,10071554,185768.2371,7740802242.404056,0,766518211986.0
2022-03-07,38420.8,42594.06,37155.0,37777.34,374777.65361,2022-03-13 23:59:59.999,14764496466.377066,8576202,184176.48268,7257778809.911877,0,753680599403.9999
2022-03-14,37777.35,42400.0,37555.0,41262.11,323399.671,2022-03-20 23:59:59.999,13045068424.15988,7828983,160980.02075,6493866977.457049,0,823203851766.0
2022-03-21,41262.11,46999.0,40467.94,46827.76,315436.15044,2022-03-27 23:59:59.999,13657786157.688328,7404092,158386.2017,6861332204.338121,0,934241908656.0
2022-03-28,46827.76,48189.84,44200.0,46407.35,312053.15964,2022-04-03 23:59:59.999,14562359846.879017,8362296,154410.52633,7206859226.584209,0,925854476910.0
2022-04-04,46407.36,47200.0,41868.0,42158.85,268118.29111,2022-04-10 23:59:59.999,11891061200.0745,7117155,130948.44754,5808536417.139713,0,841094352810.0
2022-04-11,42158.85,42414.71,39200.0,39678.12,259281.0487,2022-04-17 23:59:59.999,10492029074.432064,5921631,126175.26392,5107109884.346128,0,791602300872.0
2022-04-18,39678.11,42976.0,38536.51,39450.13,283885.03637,2022-04-24 23:59:59.999,11530224571.577888,7307352,140430.82007,5705214688.751349,0,787053763578.0
2022-04-25,39450.12,40797.31,37386.38,38468.35,368444.26814,2022-05-01 23:59:59.999,14366905362.211203,8168960,182205.04628,7107113319.039257,0,767466663510.0
2022-05-02,38468.35,40023.77,33713.95,34038.4,419979.5829,2022-05-08 23:59:59.999,15553421461.79525,8540020,204305.32052,7582347504.983533,0,679086503040.0
2022-05-09,34038.39,34243.15,26700.0,31328.89,964223.849274,2022-05-15 23:59:59.999,29301810530.841793,16818661,460216.815397,13971509225.08758,0,625030152834.0
2022-05-16,31328.89,31328.9,28654.47,30293.94,375096.22376,2022-05-22 23:59:59.999,11177195347.940817,9177698,189713.27257,5654555850.589586,0,604382279364.0
2022-05-23,30293.93,30670.51,28019.56,29468.1,430508.71991,2022-05-29 23:59:59.999,12611294754.572104,7332430,208897.25934,6121946892.636766,0,587906275860.0
2022-05-30,29468.1,32399.0,29282.36,29919.21,422401.40352,2022-06-05 23:59:59.999,12912323442.261396,7249030,202549.7786,6188339634.436444,0,596906191026.0
2022-06-06,29919.2,31765.64,26560.0,26574.53,528925.487959,2022-06-12 23:59:59.999,15683647970.687147,8740633,255697.09976,7589290330.079022,0,530177818218.0
2022-06-13,26574.53,26895.84,17622.0,20574.0,1153717.637537,2022-06-19 23:59:59.999,24718445373.532467,16153967,566051.074843,12119463385.11774,0,410463644400.0
2022-06-20,20574.0,21888.0,19637.03,21038.07,570801.23178,2022-06-26 23:59:59.999,11870152671.08868,8827163,283739.01692,5901368295.141803,0,419722119342.0
2022-06-27,21038.08,21539.85,18626.0,19315.83,508544.1397,2022-07-03 23:59:59.999,10107464161.050232,8098167,251218.84067,4992634202.080661,0,385362397998.00006
2022-07-04,19315.83,22527.37,19055.31,20862.47,1111996.98071,2022-07-10 23:59:59.999,23540958829.80106,17338062,557807.34407,11808175072.936642,0,416218793982.0
2022-07-11,20861.11,21684.54,18910.94,20798.16,1043685.76303,2022-07-17 23:59:59.999,21225657682.257202,28620637,518342.14454,10546004665.118544,0,414935770896.0
2022-07-18,20799.58,24276.74,20762.45,22579.68,1336219.23609,2022-07-24 23:59:59.999,30419505018.44636,36404041,672735.92695,15314324288.040232,0,450478163808.0
2022-07-25,22577.13,24668.0,20706.5,23293.32,1282264.24492,2022-07-31 23:59:59.999,29215844069.13143,36815045,639746.88279,14583255496.025145,0,464715709992.0
2022-08-01,23296.36,23647.68,22400.0,23174.39,951140.43388,2022-08-07 23:59:59.999,21943150279.731613,32042944,472484.29234,10902339486.38157,0,462342985134.0
2022-08-08,23174.39,25047.56,22664.69,24305.24,1251083.26468,2022-08-14 23:59:59.999,30077619286.84657,43311786,625522.69768,15039436995.29062,0,484904121144.00006
2022-08-15,24305.25,25211.32,20761.9,21515.61,1402957.39876,2022-08-21 23:59:59.999,32016009263.43493,46017032,698823.59671,15948153490.601809,0,429249328866.0
2022-08-22,21516.7,21900.0,19520.0,19555.61,1343190.86,2022-08-28 23:59:59.999,28273617081.520325,41486274,669270.17315,14089524497.01568,0,390146152866.0
2022-08-29,19555.61,20576.25,19540.0,20000.3,1527594.84529,2022-09-04 23:59:59.999,30597230623.489517,38080138,762324.89492,15270693969.604977,0,399017985180.0
2022-09-05,20000.3,21860.0,18510.77,21826.87,2146685.76233,2022-09-11 23:59:59.999,43460053550.45977,41587411,1074020.48582,21751877355.13041,0,435459152622.0
2022-09-12,21826.87,22799.0,19320.01,19416.18,2218565.59694,2022-09-18 23:59:59.999,45784151832.43754,41728131,1107144.73306,22859382949.065567,0,387364440708.0
2022-09-19,19417.45,19956.0,18125.98,18807.38,2285541.48793,2022-09-25 23:59:59.999,43488049829.07041,39408640,1141577.20385,21724013825.414856,0,375218515428.0
2022-09-26,18809.13,20385.86,18471.28,19056.8,2777070.91238,2022-10-02 23:59:59.999,53761170640.89073,39023576,1387219.15628,26857951663.908794,0,380194594080.0
2022-10-03,19057.74,20475.0,18959.68,19439.02,1690215.44019,2022-10-09 23:59:59.999,33498469288.87016,28764711,847579.42346,16800184632.096544,0,387820112412.0
2022-10-10,19439.96,19951.87,18190.0,19262.98,1666942.47921,2022-10-16 23:59:59.999,31973285240.12004,34431421,830990.14609,15940838410.74414,0,384308008788.0
2022-10-17,19262.98,19706.66,18650.0,19570.4,1439566.24878,2022-10-23 23:59:59.999,27726087449.710506,33194461,716529.4381,13802093103.379763,0,390441222240.0
2022-10-24,19570.4,21085.0,19157.0,20627.48,2026392.42105,2022-10-30 23:59:59.999,41163103270.300446,46965717,1011279.69462,20544581597.540604,0,411530602488.0
2022-10-31,20627.48,21480.65,20031.24,20905.58,2205754.83045,2022-11-06 23:59:59.999,45589276905.34284,47012044,1100693.97044,22750577655.361526,0,417078864348.00006
2022-11-07,20905.58,21069.77,15588.0,16329.85,3234391.873932,2022-11-13 23:59:59.999,58481935198.61975,69529948,1600577.598841,28942358620.932453,0,325790305410.0
2022-11-14,16331.78,17190.0,15815.21,16280.23,1626234.48043,2022-11-20 23:59:59.999,27077469872.701576,40879146,808233.04529,13458274078.678343,0,324800356638.0
2022-11-21,16279.5,16812.63,15476.0,16428.78,1561058.479583,2022-11-27 23:59:59.999,25506770070.360386,36585251,775318.46032,12669512752.453428,0,327764018268.0
2022-11-28,16428.77,17324.0,15995.27,17105.7,1572173.55626,2022-12-04 23:59:59.999,26360161543.308464,33957294,782395.46704,13118194969.46495,0,341268978420.0
2022-12-05,17106.65,17424.25,16678.83,17085.05,1443791.97519,2022-12-11 23:59:59.999,24639487914.9087,28935324,715127.17858,12204776366.352076,0,340856998530.0
2022-12-12,17085.05,18387.95,16527.32,16738.21,1511897.62621,2022-12-18 23:59:59.999,26143428661.14803,34216989,750915.1707,12986868567.494251,0,333937332426.0
2022-12-19,16739.0,17061.27,16256.3,16832.11,1148035.81471,2022-12-25 23:59:59.999,19261867584.508095,30890062,569762.83271,9559861835.221373,0,335810693766.0
2022-12-26,16832.11,16972.83,16333.0,16616.75,1028681.78419,2023-01-01 23:59:59.999,17128649384.378351,29855688,512673.90334,8536394019.895053,0,331514132550.0
2023-01-02,16617.17,17176.99,16548.7,17127.83,1112349.61417,2023-01-08 23:59:59.999,18710795015.11229,32938345,553373.3718,9308405394.44382,0,341710485198.00006
2023-01-09,17127.83,21258.0,17104.66,20871.5,2145455.73458,2023-01-15 23:59:59.999,40310160794.01672,48190928,1067943.16719,20072164599.67841,0,416398947900.0
2023-01-16,20872.99,23371.8,20407.15,22707.88,2108890.06922,2023-01-22 23:59:59.999,45622643727.57732,48516459,1049279.10042,22702857708.43609,0,453035830728.0
2023-01-23,22706.02,23960.54,22300.0,23742.3,1946352.796,2023-01-29 23:59:59.999,44778423206.5102,48187520,968996.15562,22295929039.032776,0,473673130380.0
2023-01-30,23743.37,24255.0,22500.0,22932.91,1949971.72168,2023-02-05 23:59:59.999,45526556536.272514,50318314,971938.93282,22694080189.364677,0,457525314246.0
2023-02-06,22932.91,23452.0,21451.0,21783.54,1976378.51282,2023-02-12 23:59:59.999,44353818613.73314,48694515,981453.16349,22028536552.652473,0,434594693124.0
2023-02-13,21782.37,25250.0,21351.07,24271.76,2497565.47508,2023-02-19 23:59:59.999,58739519125.7017,58393471,1250658.3481,29415420384.676327,0,484236175056.0
2023-02-20,24272.51,25250.0,22722.0,23554.85,2237983.72753,2023-02-26 23:59:59.999,53750017281.89359,73475940,1113473.63323,26747071749.795383,0,469933390410.0
2023-02-27,23554.85,24000.0,21971.13,22430.24,1698503.29143,2023-03-05 23:59:59.999,39224677036.71352,55369117,844309.81084,19500097493.715893,0,447496746144.00006
2023-03-06,22430.24,22602.19,19549.09,21997.11,2718623.72856,2023-03-12 23:59:59.999,57109899451.564095,64620831,1355463.8836,28476826765.340233,0,438855542766.0
2023-03-13,21998.05,28390.1,21813.88,27972.87,3775888.94983,2023-03-19 23:59:59.999,95305973200.80873,85715723,1901884.34275,48013500988.60254,0,558075540222.0
2023-03-20,27972.87,28868.05,26601.8,27968.05,1437828.84706,2023-03-26 23:59:59.999,40105785082.654655,32723292,717790.29856,20023774476.44785,0,557979378330.0
2023-03-27,27968.05,29184.68,26508.14,28171.87,500795.73087,2023-04-02 23:59:59.999,13977682781.951061,9943708,249671.68717,6970335432.827182,0,562045709622.0
2023-04-03,28171.87,28775.0,27200.24,28323.76,306532.39014,2023-04-09 23:59:59.999,8605878331.589554,7007729,154082.38621,4326447000.709288,0,565076006256.0
2023-04-10,28323.76,31000.0,28170.0,30304.65,377573.74044,2023-04-16 23:59:59.999,11332769446.671255,7871684,192813.26024,5785142074.341895,0,604595950290.0
2023-04-17,30304.66,30485.0,27125.0,27590.6,430421.84646,2023-04-23 23:59:59.999,12389863959.154465,8610002,212327.63234,6111056800.31741,0,550449024360.0
2023-04-24,27590.59,30036.0,26942.82,29233.21,444613.47701,2023-04-30 23:59:59.999,12771602994.747984,9248254,222195.37101,6383410202.342695,0,583220079426.0
2023-05-01,29233.2,29820.0,27666.95,28430.1,360117.97447,2023-05-07 23:59:59.999,10354875658.978004,8366414,175604.66457,5049605220.43348,0,567197553060.0
2023-05-08,28430.09,28631.01,25811.46,26917.62,338765.74243,2023-05-14 23:59:59.999,9246865802.238815,7982133,164889.34252,4500215085.537124,0,537022669572.0
2023-05-15,26917.61,27663.59,26361.2,26747.78,230394.72253,2023-05-21 23:59:59.999,6232670750.250422,5632311,110813.79288,2998025071.4386096,0,533634259668.0
2023-05-22,26747.78,28261.32,25871.89,28065.0,251061.07389,2023-05-28 23:59:59.999,6732832133.081761,5214712,123084.11518,3302073852.5986557,0,559913589000.0
2023-05-29,28065.01,28447.14,26505.0,27115.21,233113.44204,2023-06-04 23:59:59.999,6370610147.837866,5056219,111371.92604,3043127657.698844,0,540964708626.0
2023-06-05,27115.2,27391.77,25351.02,25925.55,347786.76863,2023-06-11 23:59:59.999,9123681850.269142,8221418,166958.56811,4379372085.934589,0,517230277830.0
2023-06-12,25925.54,26839.99,24800.0,26339.97,265685.74051,2023-06-18 23:59:59.999,6864197309.52217,5914978,127368.63821,3291192704.581333,0,525498205482.0
2023-06-19,26339.98,31431.94,26256.61,30462.66,408189.22942,2023-06-25 23:59:59.999,11977753742.2716,7845510,201810.53363,5920715286.60075,0,607748344596.0
2023-06-26,30462.67,31282.0,29500.0,30617.03,294881.44198,2023-07-02 23:59:59.999,8977334209.174366,6151928,143492.21956,4369370545.200928,0,610828118718.0
2023-07-03,30617.02,31500.0,29701.02,30160.71,244056.69119,2023-07-09 23:59:59.999,7465890814.405819,5652625,112449.1872,3440595994.1719875,0,601724260926.0
2023-07-10,30160.71,31804.2,29900.0,30231.99,269249.39031,2023-07-16 23:59:59.999,8259233660.698028,5930859,129847.29041,3985149496.3481226,0,603146339694.0
2023-07-17,30232.0,30417.46,29512.0,30083.75,180919.27148,2023-07-23 23:59:59.999,5421859687.909929,4437412,85626.98388,2566235058.461792,0,600188862750.0
2023-07-24,30083.75,30099.58,28861.9,29281.09,168154.81375,2023-07-30 23:59:59.999,4928069284.783114,4074123,79263.73273,2323001025.8781266,0,584175314154.0
2023-07-31,29281.09,30047.5,28585.7,29088.42,190359.38216,2023-08-06 23:59:59.999,5563549381.822339,4275812,91218.25314,2666280620.182593,0,580331432052.0
2023-08-07,29088.43,30244.0,28701.03,29303.84,178844.98681,2023-08-13 23:59:59.999,5273077531.606997,3902955,88713.03921,2616189761.0961256,0,584629190304.0
2023-08-14,29303.85,29695.32,25166.0,26189.99,307223.55373,2023-08-20 23:59:59.999,8459713612.09301,6367788,146429.27624,4025354116.255313,0,522506014494.00006
2023-08-21,26190.0,26819.27,25300.0,26101.77,188618.43325,2023-08-27 23:59:59.999,4923481690.987551,3708881,90543.65355,2363656884.5774,0,520745972562.0
2023-08-28,26101.78,28142.85,25333.75,25971.21,258183.08813,2023-09-03 23:59:59.999,6876152878.867963,5240441,126350.71673,3366349769.021606,0,518141222226.0
2023-09-04,25971.21,26445.5,25372.51,25841.61,156769.66561,2023-09-10 23:59:59.999,4053984258.0012903,3927460,74545.77784,1927913825.206428,0,515555624466.0
2023-09-11,25841.6,26888.0,24901.0,26527.51,221247.03537,2023-09-17 23:59:59.999,5773266974.892976,5082637,107582.07504,2807580833.535109,0,529239741006.0
2023-09-18,26527.5,27483.57,26122.08,26248.38,191220.58923,2023-09-24 23:59:59.999,5139867700.209755,5061396,93683.44202,2518579865.7763057,0,523670930028.0
2023-09-25,26248.39,28065.51,25990.46,27992.57,189937.16919,2023-10-01 23:59:59.999,5073578850.209523,5966990,94191.87619,2517464201.5161486,0,558468567042.0
2023-10-02,27992.58,28580.0,27160.5,27917.05,217523.39638,2023-10-08 23:59:59.999,6040607903.040582,7856366,106749.01483,2964956622.080808,0,556961897730.0
2023-10-09,27917.06,27987.93,26538.66,27154.15,164897.39085,2023-10-15 23:59:59.999,4470534793.716654,6797459,77908.78854,2112270123.8249748,0,541741584990.0
2023-10-16,27154.14,30379.99,27112.66,29992.46,294677.81127,2023-10-22 23:59:59.999,8499515365.787606,10256824,148213.84372,4274100184.3030457,0,598367572476.0
2023-10-23,29992.46,35280.0,29883.6,34525.89,373306.40874,2023-10-29 23:59:59.999,12510582555.688177,11154017,182605.0779,6116044966.206547,0,688812221034.0
2023-10-30,34525.88,35984.99,34025.0,35011.88,249862.2126,2023-11-05 23:59:59.999,8674977274.689405,8442880,120432.07432,4182206703.048796,0,698508013128.0
2023-11-06,35011.89,37972.24,34523.06,37064.13,261060.64807,2023-11-12 23:59:59.999,9471933747.1349,8644289,130118.87003,4721708273.219144,0,739451631978.0
2023-11-13,37064.13,37980.0,34800.0,37359.86,255993.59565,2023-11-19 23:59:59.999,9352112203.070751,8705712,124083.98755,4534111152.296864,0,745351622916.0
2023-11-20,37359.85,38414.0,35632.01,37447.43,229889.97507,2023-11-26 23:59:59.999,8562639983.079348,8859485,111803.31019,4163761382.5317073,0,747098696958.0
2023-11-27,37447.42,40250.0,36707.0,39972.26,222103.26117,2023-12-03 23:59:59.999,8487028647.022034,8359571,108608.84236,4152334379.389981,0,797470570356.0
2023-12-04,39972.26,44700.0,39972.26,43789.51,332080.41362,2023-12-10 23:59:59.999,14282421615.678154,10605247,162398.3216,6984417181.051079,0,873626998206.0
2023-12-11,43789.5,43804.5,40222.0,41374.65,292562.41578,2023-12-17 23:59:59.999,12297278343.994045,10669896,142589.42725,5993155021.234359,0,825449092290.0
2023-12-18,41374.64,44398.26,40542.93,42991.5,245481.20612,2023-12-24 23:59:59.999,10566656295.247065,10177570,120046.28497,5167026438.81492,0,857706219900.0
2023-12-25,42991.5,43802.32,41300.0,42283.58,228462.70228,2023-12-31 23:59:59.999,9750360049.033699,9000006,116113.24382,4955977192.16248,0,843582791148.0
2024-01-01,42283.58,45879.63,40750.0,43929.02,310487.48622,2024-01-07 23:59:59.999,13613329331.073414,11970886,155535.92694,6820924503.618145,0,876410306411.9999
2024-01-08,43929.01,48969.48,41500.0,41732.35,470798.80434,2024-01-14 23:59:59.999,21356230439.61789,16613410,237687.20961,10793592831.97847,0,832585421910.0
2024-01-15,41732.35,43578.01,40280.0,41580.33,238486.27274,2024-01-21 23:59:59.999,10056011079.074232,9385019,119204.09259,5026914325.812235,0,829552531698.0
2024-01-22,41580.32,42842.68,38555.0,42031.06,274603.16207,2024-01-28 23:59:59.999,11116307617.734632,10566525,139192.01155,5631038539.21583,0,838544865636.0
2024-01-29,42031.05,43882.36,41804.88,42582.88,203036.61925,2024-02-04 23:59:59.999,8713194728.762842,8033833,103503.46102,4442167219.786773,0,849554005728.0
2024-02-05,42582.88,48592.66,42258.1,48299.99,262240.48357,2024-02-11 23:59:59.999,11935033613.56034,10735191,134125.49927,6105318036.422229,0,963613780494.0
2024-02-12,48300.0,52816.62,47710.01,52137.67,310862.3017,2024-02-18 23:59:59.999,15789798425.18484,11714072,157841.09355,8014365068.464649,0,1040177799102.0
2024-02-19,52137.68,52985.0,50521.0,51728.85,223366.16186,2024-02-25 23:59:59.999,11519591601.715067,10293992,112947.95494,5825673386.875105,0,1032021594810.0
2024-02-26,51728.85,64000.0,50901.44,63113.97,417907.83383,2024-03-03 23:59:59.999,24884787678.71181,16868924,215491.06876,12822016538.352474,0,1259161569882.0
2024-03-04,63113.97,69990.0,59005.0,68955.88,481870.181782,2024-03-10 23:59:59.999,32048902066.64221,21358553,246496.826261,16399155491.04389,0,1375711179528.0
2024-03-11,68955.88,73777.0,64533.0,68393.48,477496.91752,2024-03-17 23:59:59.999,33401114461.52805,20669990,238830.057395,16717330996.978777,0,1364490962088.0
2024-03-18,68393.47,68956.0,60775.0,67209.99,409762.74414,2024-03-24 23:59:59.999,26650024155.369255,18123751,202926.44117,13208695000.169748,0,1340879626494.0
2024-03-25,67210.0,71769.54,66385.06,71280.01,235409.95755,2024-03-31 23:59:59.999,16447219313.362335,12877311,118629.51433,8288128238.6861725,0,1422078967506.0
2024-04-01,71280.0,71288.23,64493.07,69360.39,274227.11488,2024-04-07 23:59:59.999,18477347510.28267,13071377,137376.98608,9256104893.79039,0,1383781396734.0
2024-04-08,69360.38,72797.99,60660.57,65661.84,348008.31904,2024-04-14 23:59:59.999,23573044024.564465,15848257,169274.11224,11481850134.782661,0,1309993105104.0
2024-04-15,65661.85,66867.07,59600.01,64941.15,312265.13225,2024-04-21 23:59:59.999,19770016571.144733,15339389,152952.96447,9687789608.434114,0,1295614907190.0
2024-04-22,64941.15,67232.35,62391.24,63118.62,183902.50753,2024-04-28 23:59:59.999,11912668416.230446,9139362,90443.8961,5860998775.130268,0,1259254340172.0
2024-04-29,63118.62,64734.0,56552.82,64012.0,298372.0172,2024-05-05 23:59:59.999,18009828104.661854,10777045,145587.9217,8793267875.504925,0,1277077807200.0
2024-05-06,64012.0,65500.0,60187.12,61483.99,179712.75232,2024-05-12 23:59:59.999,11213593898.291067,8443601,88178.37799,5504860726.104956,0,1226642490894.0
2024-05-13,61484.0,67700.0,60749.21,66274.01,195247.04901,2024-05-19 23:59:59.999,12599942771.404057,8173669,96881.08119,6253259842.204433,0,1322206263906.0
2024-05-20,66274.0,71979.0,66060.31,68507.67,220708.83749,2024-05-26 23:59:59.999,15256004970.768105,9860774,110525.62718,7640848002.272701,0,1366769121102.0
